ETL_PIPELINE_DK,ETL_PIPELINE_GROUP,ETL_PIPELINE_ACTIVE_IND,ETL_PIPELINE_TASK_GROUP,SRC_SYSTEM_ABBR,SRC_SERVER_NAME,SRC_TYPE,SRC_DB_NAME,SRC_AKV_SECRET_NAME,SRC_SCHEMA_NAME,SRC_TABLE_NAME,SRC_COLUMN_LIST1,SRC_COLUMN_LIST2,TGT_TYPE,TGT_DB_NAME,TGT_LH_ID,TGT_SCHEMA_NAME,TGT_TABLE_NAME,TGT_STORAGE_PATH,INCREMENTAL_IND,KEY_FIELD1,INCREMENTAL_FIELD1,SRC_LAST_EXTRACT_DTM,SRC_LAST_EXTRACT_STAMP,SRC_FULL_REFRESH_DTM,ETL_PIPELINE_SK
1,Salesforce,1,Salesforce_01,sf,,Table,,,,Account,"Id,IsDeleted,MasterRecordId,Name,Type,RecordTypeId,ParentId,BillingStreet,BillingCity,BillingState,BillingPostalCode,BillingCountry,BillingLatitude,BillingLongitude,BillingGeocodeAccuracy,ShippingStreet,ShippingCity,ShippingState,ShippingPostalCode,ShippingCountry,ShippingLatitude,ShippingLongitude,ShippingGeocodeAccuracy,Phone,Fax,AccountNumber,Website,PhotoUrl,Sic,Industry,AnnualRevenue,NumberOfEmployees,Ownership,TickerSymbol,Description,Rating,Site,OwnerId,CreatedDate,CreatedById,LastModifiedDate,LastModifiedById,SystemModstamp,LastActivityDate,LastViewedDate,LastReferencedDate,Jigsaw,JigsawCompanyId,AccountSource,SicDesc,ConnectionReceivedId,ConnectionSentId,RM_Image_URL__c,Angst_Responsiveness__c,Assets__c,Became_Client__c,Effort_Level__c,Expected_Annual_Revenue__c,Last_Due_Diligence_Performed__c,Last_EE_Meeting_Date__c,Last_EE_Meeting_Type__c,Last_Employee_Education_Meeting__c,MM_Account_Industry_del__c,MM_Became_Client_Pensionmark__c,MM_Due_Diligence_Frequency__c,MM_EE_Meeting_Frequency__c,MM_Last_Due_Diligence_Performed__c,MM_Last_EE_Meeting_Date__c,MM_Last_EE_Meeting_Type__c,MM_Number_Of_Employees__c,MM_OM_Contact_Info_Pensionmark__c,MM_Years_As_Client__c,Newsletters_Requested__c,Number_of_Employees__c,Opp_Est_Revenue__c,Original_Created_By__c,Original_Created_Date__c,Ownership_Structure__c,Participants__c,Phone_Ext__c,Plan_Type__c,Operations_Manager_pensionmark__c,Projected_12Mo_Revenue__c,Referral_Company1__c,Referral_Name__c,Referral_Producer1__c,Referral_Source__c,Relationship_Manager_pensionmark__c,Rep_Name_Number__c,Service_Level__c,State__c,Tax_ID__c,Total_Annual_Contributions__c,Total_AUM_Client__c,Total_AUM_Provider__c,Travel__c,Business_Phone__c,Institutional_Referral_Source__c,QP_Center_of_Influence__c,Additional_Company_Locations__c,Additional_Types_Pensionmark__c,Annual_Review_on_Calendar__c,Annual_Review_on_Calendar_Date__c,Call_Center__c,Education__c,Education_Meeting_Timing__c,EE_Meeting_Frequency__c,Employee_Education_Notes__c,Fiduciary_Support__c,ID_Status__c,LPL_R_RepID__c,Prospect__c,Operations__c,OM_Contact_Info__c,RM_Contact_Info_pensionmark__c,Total_Effort__c,Total_Profit_Quotient__c,Anniversary_Month__c,Logo__c,OM_Image_URL__c,Participants_Enrolled_in_PFP__c,Number_of_Client_Contacts__c,Method_of_EE_Campaign_Delivery__c,If_Direct_Date_of_Last_Census_Download__c,If_Direct_Auto_enroll_to_which_campaign__c,if_Direct_frequency_to_update_census__c,Years_As_Client__c,Logo_URL__c,Number_of_Contacts__c,Profit_Quotient__c,Actual_Revenue_12_Mo__c,Effort_Level_Converted__c,Years_as_Client_Text__c,Future_RM__c,Close_Date__c,LegacyAccountID__c,Participant_Phone_Access__c,Participant_Phone_Access_Spanish__c,Participant_Web_Access__c,Participant_Web_Access_Spanish__c,Participant_Access_Instructions__c,Participant_Access_Instruction_Spanish__c,Notes__c,RM_Designations__c,Logo_Image__c,RM_Email__c,RM_Image__c,RM_Name__c,RM_Phone_Fax__c,RM_State_Licenses__c,RM_Title__c,ASP_Fee__c,ASP_Override_on_SMA__c,SMA_Effective_Date__c,RIA_Business__c,Monthly_Tristar_Allowance__c,Marketing_Allowance__c,of_Corporate_Sponsored_SF_Accounts__c,CFS_Payout__c,PFG_Payout__c,Blended_Payout__c,Estimated_Production__c,Estimated_AUM__c,Firm_Toolset_Subscription__c,Wealth_Management_Clients__c,Expected_Annual_Revenue_Calc__c,Owner_Active__c,Account_Name_adjusted__c,Lead_Advisor_s__c,Last_EE_Meeting_Type_RH__c,Anniversary_Date_CurYr__c,Activities_12M__c,SA_Sponsor_12m__c,SA_Participant_12M__c,SA_Provider_12m__c,SA_Header__c,SA_Other_12m__c,Green_Dot_Yes__c,CapTrust_Client__c,Last_EE_Meeting_Date_RH__c,Business_Code__c,TaxID_BadFormat__c,Last_EE_Meeting_Name_RH__c,Last_ER_Meeting_Date_RH__c,Last_ER_Meeting_Type_RH__c,Last_ER_Meeting_Name_RH__c,SA_Participant_YearEnd__c,SA_Sponsor_YearEnd__c,SA_Provider_YearEnd__c,SA_Total_YearEnd__c,SA_Other_YearEnd__c,X18_Character_Salesforce_ID__c,O1_Firm_History__c,O2_Ownership_Structure__c,O3_Firm_Investment_Philosophy__c,O4_Investment_Governance_Process__c,O5_Organizational_Changes_Last_5_years__c,O6_Firm_Investment_Committee_Structure__c,O7_Number_of_Investment_Professionals__c,O8_Internal_Training_Procedures__c,O9_Trading_Cost_Monitoring_Process__c,O10_Capital_Market_Projection_Process__c,O11_Total_AUM_All_Products__c,O12_Sample_Research__c,of_Branch_Locations__c,ASP_Rainmaker_Qual_as_Group__c,Number_of_Funds_Reviewed__c,Investment_Firm_Update_URL__c,Alert_Message__c,Group_Acct_Plan_No__c,Plan_Filing_Bus_Code__c,Plan_Filing_Industry_Descrip__c,Total_Plan_Balances__c,Number_of_Active_Participants__c,Logo_Override__c,SMARTMap__c,Loss_Date__c,Ideal_Day_of_Week__c,Plans_Synced_With_ERS__c,Ideal_Time__c,Fidelity_Plan__c,Days_to_Avoid__c,May_Use_as_Client_Reference__c,BillDtl_CalcMethod__c,BillDtl_CommissPct__c,BillDtl_AdvisorFeeAmt__c,BillDtl_CommissNotes__c,BillDtl_AdvisorFeeNotes__c,BillDtl_Invoice_Email__c,BillDtl_Invoice_Email2__c,BillDtl_Invoice_Email3__c,BillDtl_Payment_Method__c,BillDtl_AnnualCap__c,First_Day_PrevQtr_Txt__c,Number_of_Active_Plans__c,Workflow_Trigger__c,RK_AUM_total_plans_on_your_platform__c,RK_Describe_awards_or_recognition__c,RK_Describe_firm_overview_and_history__c,RK_Describe_retirement_plan_commitm__c,RK_Number_of_401k_Plans__c,RK_Number_of_403b_Plans__c,RK_Number_of_457_Plans__c,RK_Number_of_Cash_Balance_Plans__c,RK_Number_of_Defined_Benefit_Plans__c,RK_Number_of_Money_Purchase_Plans__c,RK_Number_of_NQDC_Plans__c,RK_Number_of_Plans_10m_to_50m__c,RK_Number_of_Plans_1m_to_10m__c,RK_Number_of_Plans_200_to_500m__c,RK_Number_of_Plans_500m_to_1b__c,RK_Number_of_Plans_50m_to_200m__c,RK_Number_of_Plans_over_1b__c,RK_Number_of_Plans_under_1m__c,RK_Plans_10000_Participants_or_more__c,RK_Plans_1000_to_4999_Participants__c,RK_Plans_100_to_499_Participants__c,RK_Plans_5000_to_9999_Participants__c,RK_Plans_500_to_999_Participants__c,RK_Plans_under_100_Participants__c,RK_Provide_contact_oversee_questions__c,RK_What_plan_types_do_you_serve__c,RK_Response_Date__c,RK_Number_of_plans_on_your_platform__c,Number_of_RP_Products__c,Home_Office_3_38__c,BillDtl_Special_Handling__c,Plan_Sponsor_Points__c,Webinar_Points__c,Gamification_Email_Opt_Out__c,Number_of_DB_NQDC_CB_MP_Plans__c,Exclude_from_Gamification__c,Next_ER_Meeting_Date__c,Next_ER_Meeting_Scheduled__c,Plan_IDs__c,Account_Owner_Role__c,Wealth_Referral_Notes__c,ER_Meeting_Frequency__c,Payroll_Provider__c,Branch_Disclosure__c,Plan_Sponsor_Email_Sender_Name__c,Branch_Name__c,FW_Sender_Name__c,Marketing_Emails_Clicked__c,Marketing_Emails_Delivered__c,Marketing_Emails_Opened__c,Branch_Manager__c,Branch_Registration_Type__c,Remote_Deposit_Program__c,SA_Calls_12m__c,Participants_Enrolled_in_Incentive__c,Total_Webinar_Registrants__c,SA_Emails_12m__c,SA_Live_Chats_12m__c,SA_Bookings_Calls_12m__c,SA_Total_Calls_12m__c,Employees_Enrolled_in_SMARTMap_App__c,Employees_Enrolled_in_Foundational_Plann__c,FoundationalPlanningCalls12m__c,Foundational_Planning_Call_Minutes_12m__c,Is_Payor_Provider__c,Next_EE_Meeting_Date__c,Next_EE_Meeting_Scheduled__c,Venrollment_Link__c,Employees_Enrolled_in_SMARTMap_U__c,Next_EE_Meeting_Name_RH__c,Next_EE_Meeting_Type_RH__c,Next_ER_Meeting_Name_RH__c,Next_ER_Meeting_Type_RH__c,Sponsor_Census_Upd_Notice_Email__c,Region__c,Subregion__c,SAOW_Employee_Benefits__c,SAOW_Retail__c",,Table,Stage_Lakehouse,55e6e9d7-dfb2-46e8-ba07-6d98d9830021,dbo,sf_Account,,0,Id,LastModifiedDate,1/1/1900,,,1
2,Salesforce,1,Salesforce_01,sf,,Table,,,,BD_RIA_Compensation__c,"Id,IsDeleted,Name,RecordTypeId,CreatedDate,CreatedById,LastModifiedDate,LastModifiedById,SystemModstamp,LastActivityDate,LastViewedDate,LastReferencedDate,ConnectionReceivedId,ConnectionSentId,Settlement_Date__c,Pay_Cycle_Date__c,Pershing_Trade_Date_Import__c,Gross_Amount__c,Payor__c,Payment_Type__c,Institutional_Account__c,RepID__c,Payment_Status_old__c,WM_Account_Name__c,Client_Name__c,Adjustment_Type__c,Comment__c,Earned_Period_start__c,Earned_Period_end__c,PFG_Instl_RIA_Contract_in_Place__c,Notes__c,PFG_Wealth_RIA_Contract_in_Place__c,Pershing_Settlement_Date_Import__c,Payment_Status__c,Envestnet_Firm_Fee__c,Payor_Adj__c,Lead_Advisor__c,Amount_On_Hold__c,Amount_Paid__c,Client_Name_40__c,Account_Linked__c,Payor_Lookup__c,SUBACCOUNT__c,SUBACCOUNT_NAME__c,CHARGEABLE_ASSET_AMOUNT__c,Trade_Date__c,Trade_Share_Qty__c,Security_Description__c,Symbol__c,CUSIP__c,Price_per_share__c,Cap_Product_Code__c,Capfinancial_Trans_ID__c,Pershing_Product_Code__c,Amt_B_D__c,Amt_RIA__c,Capfinancial_CUSIP__c,Capfinancial_CUSIP_Name__c,Capfinancial_Client_Name__c,Envestnet_Acct__c,Envestnet_Client_Name__c,Envestnet_Acct_Title__c,Envestnet_Billable_Value__c,Envestnet_Advisor_Fee__c,Fidelity_Acct__c,Fidelity_Client_Name__c,Fidelity_Trade_Date__c,Fidelity_Qty__c,Fidelity_Price__c,Fidelity_Principal__c,Fidelity_CUSIP__c,Fidelity_CUSIP_Desc__c,Amt_Xpns__c,PM_BD_Dealer_Number__c,Provider__c,BD_Account_Number__c,BD_Account_Name__c,BD_CUSIP__c,BD_CUSIP_Name__c,Sort_Comp_Stmt_Detail__c,Payment_Status_Value__c,Discretionary_Service_Type__c,Provider_Acct__c,Advisor_Total_Split__c,Lead_Advisor_Payout_from_RepInfo__c,ASP_Fee_from_RepInfo__c,In12Months__c,Amt_Advance__c,BD_Trade_Date__c,Pay_Cycle_Active_Date__c,Pay_Cycle_Active_Payable__c,Pay_Cycle_Active_Date_Value__c,Pay_Cycle_Future__c,BD_Trans_Type__c,Pay_Cycle_Previous_Date__c,WMAcct_LastModified__c,Pay_Cycle_Previous_Paid__c,PM_RIA_DEALER_NUMBER__c,RIA_CUSIP__c,RIA_CUSIP_NAME__c,RIA_ACCOUNT_NUMBER__c,RIA_ACCOUNT_NAME__c,RIA_TRADE_DATE__c,RIA_TRANS_TYPE__c,RIA_DST_Provider__c,Payor_Name__c,RepID_Includes_RevShare_Partcp__c,Sent_to_NetSuite__c,Earned_Period__c,Boomi_Integration_Error_Log__c,Lead_Advisor_is_Particp__c,Dept__c,Budget__c,Region__c,PSC_Instl_BD_Contract_in_Place__c,PSC_Wealth_BD_Contract_in_Place__c,RepID_for_Compensation__c,RepIDCompDiff__c,Plan_ID_18char__c,RepID_Type__c,WM_Acct_18char__c,Lead_Advisor_ASP_Branch__c,Do_Not_Accrue__c,Paid_in_Current_Month__c,Paid_in_Current_Qtr__c,Interim_TrueUp_Client__c,Tamarac_Acct__c,Tamarac_Acct_Txt__c,Tamarac_Acct_Name__c,Tamarac_Billable_Value__c,Tamarac_Custodian_Provider__c,Tamarac_ENV_Billable_Value__c,Tamarac_WM_Household__c,Subsidiary_Old__c,Volume__c,Product__c,Product_Type__c,Subsidiary__c,SFID_18Char__c,Product_Name__c,RepID_Descriptions__c,Product_Security__c,Division__c,Pay_Cycle_YYYY__c,SettlemtDtGTPayCycleTgtActv__c,Pay_Cycle_MMM__c,AdvisorConnect_Ingestion_ID__c,CreatedYYYY__c,CreatedM__c,CreatedMM__c,CreatedMMM__c,CreatedYYYYMM__c,CreatedMMMYYYY__c",,Table,Stage_Lakehouse,55e6e9d7-dfb2-46e8-ba07-6d98d9830021,dbo,sf_BD_RIA_Compensation__c,,1,Id,LastModifiedDate,1/1/1900,,,2
3,Salesforce,1,Salesforce_01,sf,,Table,,,,RepID__c,"Id,OwnerId,IsDeleted,Name,CreatedDate,CreatedById,LastModifiedDate,LastModifiedById,SystemModstamp,LastActivityDate,LastViewedDate,LastReferencedDate,ConnectionReceivedId,ConnectionSentId,RepID_Descriptions__c,Lead_Advisor__c,RepID_Status__c,Total_Split__c,Assets_WM__c,Primary_ID__c,YTD_Fees_Commissions__c,Rolling_12_Month_Compensation__c,Assets_Instl__c,Is_BD_WM_id__c,YTD_Paid_Compensation__c,Is_Fees_Adjustment_ID__c,Pending_Compensation__c,On_Hold_Compensation__c,Advisor_Listing__c,RepID_Type__c,Instl_Accts_under_ID__c,of_WM_Accts_under_ID__c,Per_Wealth__c,Per_Instl__c,Projected_Gross_Revenue__c,Pending_B_D_Gross_Compensation__c,Pending_RIA_Gross_Compensation__c,Is_ASP_Fee_ID__c,Lead_Advisor_Payout__c,Lead_Advisor_TxtVal__c,Workflow_Upd__c,RepID_18Char__c,Pending_Advances__c,Pending_Expenses_Rollup__c,IsDraw_AdvanceID__c,Is_Revenue_Share_ID__c,Is_New_Business_Adj_ID__c,Is_Interim_ID__c,Is_Pass_Thru_ID__c,RepID_Includes_RevShare_Partcp__c,Lead_Advisor_is_Particp__c,TFS_RepID__c",,Table,Stage_Lakehouse,55e6e9d7-dfb2-46e8-ba07-6d98d9830021,dbo,sf_RepID__c,,0,Id,LastModifiedDate,1/1/1900,,,3
4,Salesforce,1,Salesforce_01,sf,,Table,,,,RepID_Splits__c,"Id,IsDeleted,Name,CreatedDate,CreatedById,LastModifiedDate,LastModifiedById,SystemModstamp,LastViewedDate,LastReferencedDate,ConnectionReceivedId,ConnectionSentId,RepID_Description__c,Advisor_Payout_Percent__c,Advisor_Split__c,Net_Payout_pct__c,RepID__c,Advisor_Name__c,Primary_ID__c,Pending_Gross__c,Net_Payable__c,Lead_Advisor__c,On_Hold_Compensation__c,Net_B_D_Payable__c,Adjusted_Gross__c,Net_RIA_Payable__c,Advance_Amount__c,Pending_Expenses__c,Legacy_Payout_Pct__c,RepID_Type__c,ASP_Fee_Pct__c,BD_RIA_Fee_Pct__c,Acq_Revenue_Legacy_Pct__c,Addtl_ASPFee_New_Pct__c,Revenue_Share_Amt__c,Advisor_Pending_Comp__c,Revenue_Share_Pct__c,TFS_Bonus_Pct__c,New_Business_Payout_Rate__c,Pro_Forma_Payout_Rate__c,Legacy_Payout_Amt__c,Pro_Forma_Payout_Amt__c,New_Business_Payout_Amt__c,SalesforceID18Char__c,Legacy_Payout_Rate__c,Interim_Payout_Rate__c,Interim_Payout_Amt__c,New_Business_Payout_Adj__c",,Table,Stage_Lakehouse,55e6e9d7-dfb2-46e8-ba07-6d98d9830021,dbo,sf_RepID_Splits__c,,0,Id,LastModifiedDate,1/1/1900,,,4
5,Salesforce,1,Salesforce_01,sf,,Table,,,,RepInfo__c,"Id,OwnerId,IsDeleted,Name,CreatedDate,CreatedById,LastModifiedDate,LastModifiedById,SystemModstamp,LastActivityDate,LastViewedDate,LastReferencedDate,ConnectionReceivedId,ConnectionSentId,Last_Name__c,First_Name__c,BD_RIA_Fee__c,Advisor_Payout__c,Middle_Name__c,Home_Address__c,Full_Name__c,Social_Security_Number__c,CRD__c,Date_of_Birth__c,FINRA_License__c,Insurance_Licenses__c,Professional_Designations__c,Bank_Name__c,Bank_ABA_Transit_Routing__c,Bank_Account_Number__c,Account_Registration__c,Bank_Acct_Type__c,Home_City__c,Home_State__c,Home_Zip__c,Advisor_Status__c,Projected_12_Mo_GDC__c,Affiliation_Type__c,ASP_Branch__c,Pending_Compensation__c,On_Hold_Compensation__c,YTD_Compensation__c,Last_Pay_Cycle_Date__c,Next_Pay_Cycle_Date__c,YTD_Gross_Compensation__c,Advisor_Compensation_Statement_Conductor__c,Advisor_Contact_Name__c,Document_Vault_Email__c,Date_of_BD_Affiliation__c,Date_of_RIA_Affiliation__c,of_Instl_Accounts__c,of_WM_Accounts__c,YTD_Wealth__c,YTD_Instl__c,Net_Comp__c,Gross_Comp_Prev_Qtr__c,PMR_Formula__c,Pending_Expenses__c,Payment_Due_Wells__c,Expenses_YTD__c,Net_Comp_YTD_No_Exp__c,Gross_Comp_Prev_Yr__c,Date_of_Pensionmark_Affiliation__c,Alternate_Compensation_Statement_Email__c,Store_Credit__c,Net_Paid_Prev_Yr__c,Rep_Sold_By__c,KS_AD_Comp_Start_Date__c,Years_with_Pensionmark__c,Conference_Qualification__c,Advisor_Age__c,Date_of_First_PM_Revenue_JG__c,Run_Rate_Ytd__c,Run_Rate_Qtr__c,YTD_Gross_Compensation_JGTest__c,Gross_Comp_Prev_Qtr_JGTest__c,of_Branches__c,Affiliation_Agreement_Rcvd__c,Non_PFG_GDC__c,States_Licensed_RIA__c,States_Licensed_BD__c,Affiliation_Fee__c,Growth_Rate_YTD__c,Net_Comp_YTD_Instl_Pct__c,Net_Comp_YTD_Wealth_Pct__c,Email__c,Phone__c,Title__c,Classification__c,Comp_Statement_Historical_Target_Date__c,Total_Assets_under_Management__c,SalesforceID_18_char__c,Total_Assets_Under_Advisement__c,PFG_Retention_PrevQtr__c,PFG_Ret_Run_Rate_Prev_Qtr__c,Gross_Compensation_12m_Total__c,Projected_12m_Gross_PM__c,Per_Commission__c,Per_Fee__c,Annual_Growth_Rate_ITD__c,Call_Allocation__c,PFG_Retention_12m__c,E_O_Deductible__c,PMR_Conductor__c,PMR_Attach_Files__c,Document_Vault_Email_PFG_Invoices__c,B_D_Bank_Name__c,B_D_Bank_Acct_Type__c,B_D_Bank_Account_Number__c,B_D_Bank_ABA_Transit_Routing__c,Registrations__c,eMoney_Accounts__c,Revenue_Share_Amt_PrevQtr__c,PMR_Attach_Salesforce_File_Conductor__c,PFG_BD_Instl_AUM__c,PFG_BD_Wealth_AUM__c,PFG_RIA_Instl_AUM_Non_Disc__c,PFG_RIA_Instl_AUM_Disc__c,PFG_RIA_Wealth_AUM_Non_Disc__c,PFG_RIA_Wealth_AUM_Disc__c,Outside_BD_AUM__c,Outside_RIA_AUM__c,Outside_AUA__c,Producing_Advisor_Formula__c,PMR_Pwrpnt_Attach_File__c,PMR_QSF__c,eMoney_Notes__c,Pending_Advances__c,Comp_Statement_XL_Email__c,Revenue_Share_Pct__c,Last_Pay_Cycle_Date_YYYYMMDD__c,Legacy_Payout_Pct__c,New_Business_Payout_Adj_Pct__c,New_Business_Payout_Rate__c,Pro_Forma_Payout_Rate__c,PM_Revenue_Share_Advisor__c,Revenue_Share_Amt_12mo__c,Interim_Payout_Rate__c,Legacy_Payout_Rate__c,Revenue_Share_Amt_PrevYr__c,Revenue_Share_Amt_YTD__c,Interim_Client_Amt_12mo__c,Interim_Client_Amt_PrevQtr__c,Interim_Client_Amt_PrevYr__c,Interim_Client_Amt_YTD__c,New_Bus_Payout_Amt_12mo__c,New_Bus_Payout_Amt_PrevQtr__c,New_Bus_Payout_Amt_PrevYr__c,New_Bus_Payout_Amt_YTD__c,Revenue_Share_Amt_Pending__c,Interim_Client_Amt_Pending__c,New_Bus_Payout_Amt_Pending__c,Date_of_Termination__c,Pending_BD_Payment_Amt__c,World_Affiliation__c,Region__c,CompStmtProdStaff__c,Purchased_Revenue_Pct__c,Transaction_Type__c,Portal_Access__c,Portal_Enabled__c,TapsID__c,Advisor_Comp_Statement_TemplateID__c,Total_Gross_Comp_YTD__c,Advisor_Comp_Statement_XL_TemplateID__c,TFS_Advisor__c,Total_Gross_Comp_PTD__c,Expenses_PTD__c,Net_Paid_PTD__c,Division__c,Advisor_Comp_Statement_CustomRun__c,Advisor_Comp_Statement_XL_CustomRun__c,VolumeYTD__c,Total_Gross_Comp_MTD__c,VolumeMTD__c,Manager__c,Portal_PowerBI_Role__c,Regional_Growth_Leader__c,IsRGL__c,Advisor_Comp_Statement_Hist_TemplateID__c,Advisor_State__c,Net_Comp_PTD_NoExp__c",,Table,Stage_Lakehouse,55e6e9d7-dfb2-46e8-ba07-6d98d9830021,dbo,sf_RepInfo__c,,0,Id,LastModifiedDate,1/1/1900,,,5
6,Salesforce,1,Salesforce_01,sf,,Table,,,,Advisor_Payment__c,"Id,IsDeleted,Name,CreatedDate,CreatedById,LastModifiedDate,LastModifiedById,SystemModstamp,LastActivityDate,LastViewedDate,LastReferencedDate,ConnectionReceivedId,ConnectionSentId,Pay_Cycle_Date__c,Advisor_Name__c,Gross_Amount__c,Advisor_Split__c,Net_Payout_Percent__c,Net_Payable__c,Advisor_Payout_percent__c,RepID_Descriptions__c,RepID__c,Adjusted_Gross__c,Wealth__c,Instl__c,Net_Amount_Wealth__c,Net_Amount_Instl__c,Pay_Cycle_Date_in_CurrYr__c,Pay_Cycle_Date_in_Prev_Qtr__c,Net_Amount_B_D__c,Net_Amount_RIA__c,Pay_Cycle_Date_in_PrevYr__c,Pay_Cycle_Date_in_Prev12mo__c,Revenue_Share_Amt__c,Pay_Cycle_Month__c,Pay_Cycle_Year__c,Legacy_Payout_Amt__c,Revenue_Share_Pct__c,New_Business_Payout_Adj_Pct__c,New_Business_Payout_Rate__c,New_Business_Payout_Amt__c,Legacy_Payout_Rate__c,Interim_Payout_Rate__c,Interim_Payout_Amt__c,PFG_Compensation__c,Pro_Forma_Payout_Rate__c,Pro_Forma_Payout_Amt__c,Pay_Cycle_Month_Year__c,Pay_Cycle_YearMonth_Sort__c,Advisor_ASP_Branch__c,Pay_Cycle_QuarterYr__c,PM_Revenue_Share_Advisor__c,Pay_Cycle_Date_in_Prev_Qtr_Value__c,IsExpense__c,Purchased_Revenue_Pct__c,PayCycleDate_IsLast__c,Pay_Cycle_Date_IsLast_AP__c,Pay_Cycle_Date_in_CurrMo__c,Is_Expense_RepID__c,IsDrawAdvance__c",,Table,Stage_Lakehouse,55e6e9d7-dfb2-46e8-ba07-6d98d9830021,dbo,sf_Advisor_Payment__c,,1,Id,LastModifiedDate,1/1/1900,,,6
7,Salesforce,1,Salesforce_01,sf,,Table,,,,Financial_Account__c,"FLI_Coverage_Amount__c,Total_Contribution_Amount_MTD__c,Total_Distribution_Amount_MTD__c,Annual_Deposits__c,Surety_Bond_Coverage_Amount__c,ADP_HCEs__c,ADP_NHCEs__c,LPL_R_Advisory_Fee__c,Advisory_Fees__c,Avg_Invest_Exp__c,BD_Payout__c,Comp_Est_First_Year_Contributions__c,Comp_Est_Yr_2_Contributions__c,Comp_Managed_Account__c,Comp_Pct_First_Year_Total_Assets__c,Comp_Year_2_Total_Assets__c,Comp_Transferred_Assets__c,Deposit_Commission__c,Employer_Paid_Cost__c,Expected_Annual_Plan_Return__c,Maximum_Contribution__c,Minimum_Deferral_Percent__c,Number_of_Custom_Funds__c,Number_of_Eligible_Participants__c,Number_of_Outstanding_Loans__c,Number_of_Participants__c,Override__c,Participant_Balances__c,Participants_in_3_or_more_funds_or_a_TDF__c,Participation_Rate__c,Plan_Deferral_Rate__c,Total_of_Investments__c,Trail_Commission__c,Avg_Invest_Exp_Weighted__c,Wrap_Fee__c,of_Termed_Participants__c,Account_Type__c,ADP_Frequency__c,ADP_Testing_Method__c,Advisory_Service_Agreement_Type__c,Advisory_or_Brokerage__c,Auto_Enrollment__c,Auto_Step_Up_PICKLIST__c,BOR__c,Contract_Status__c,LPL_R_Contract_Status__c,Contribution_Type_Allowed__c,Discretionary_Match_PICKLIST__c,Due_Diligence_Frequency__c,Enrollment_Method__c,Enrollment_Type__c,Fiduciary_Audit_Checklist_Picklist__c,Fiduciary_Liability_Insurance_P__c,IDD_Actions__c,IDD_Results__c,IPS_on_File__c,IPS_Type__c,Loans_Permitted__c,Non_Elective_Discretionary_Picklist__c,Plan_Health_Check_Picklist__c,Plan_Status__c,Plan_Type__c,Prototype_Document__c,QDIA2__c,RecordKeeper_Product_Type__c,Roth_Picklist__c,Safe_Harbor_Plan__c,Surety_Bond_Picklist__c,Uses_Managed_Accounts__c,Plan_Goals_Pensionmark__c,Plan_Goals__c,Administration_Company__c,Invest_Service_Provider__c,Provider__c,Contact__c,Employer_Contacts__c,Plan_Operations_Manager__c,Plan_Account_Owner__c,Client__c,Provider_adjusted__c,Annuity_Compensation_Amount__c,Insurance_Plan_Comp__c,MF_Compensation_Amount__c,Financial_Estate_Plan_Revenue__c,Advisory_Fee__c,Market_Value__c,Health_Plan_Comp__c,Finders_Fee_Year_1__c,Expected_Revenue__c,Average_Participant_Balance__c,Current_Balance_Est_Specific_Date__c,CPY__c,Current_Balance__c,Expected_Revenue_False_Specific_Date__c,Net_Cash_Flow__c,Net_In_Out_Flows_MTD__c,Total_Plan_Cost__c,Total_Plan_Cost_Dollar__c,Transition_Revenue__c,Due_Diligence_Days__c,Conga_Vesting_Schedule__c,TPA_Plan_Record_Type__c,Cust_Tin__c,Plan_Account_Type__c,Relationship_Manager__c,Expected_Revenue_True__c,Expected_Revenue_False__c,Expected_Revenue_True_Specific_Date__c,Expected_Revenue_Specific_Date__c,Date_of_First_Revenue__c,Business_Relationships_Clients__c,Goal_Employee_Deferral_Rate__c,Goal_Investment_Diversification__c,Goal_Participation_Rate__c,Plan_Review_Report_Preference__c,EndDate__c,Actual_Revenue_12_Mo__c,Ownership__c,LPL_R_Total_Value__c,X12_Month_Revenue_Trailing__c,YTD_Compensation__c,LegacyFinancialAccountPlanID__c,Participant_Account_Access__c,Participant_Account_Access_Instructions__c,Participant_Account_Access_Spanish__c,Participant_Access_Instruction_Spanish__c,Services_Elected__c,Services_Elected_Notes__c,Employee_Education_Notes__c,Enable_Important_Plan_Notes_Dialogue_Box__c,Important_Plan_Notes__c,Gross_Comp_Prev_Qtr__c,Comp_Variance_Qtr__c,Comp_Variance_12m__c,Projected_Gross_Revenue_12m__c,Comp_Variance_12m_Dol__c,Comp_Variance_Qtr_Dol__c,PH_Admin_Recorkeeping_Cost__c,PH_Invest_mngmt__c,PH_Adv_Ser_Cost__c,PH_Invest_Cost_Wght__c,PH_Contract_Asset_Fee__c,PH_ER_Paid_Costs__c,PH_Data_as_of__c,SO_3_21__c,SO_338__c,SO_IPS__c,SO_Investment_Selection_Monitoring__c,SO_Investment_Reporting__c,SO_Select_Monitor_QDIA__c,SO_Build_Model_Portfolios__c,SO_Fiduciary_Oversight_Education__c,SO_Analysis_of_Service_Providers__c,SO_Deferred_Compensation_Plan__c,SO_PFP__c,SO_Call_Center__c,SO_RetireConnect__c,SO_Group_Educational_Seminars__c,SO_GES_Frequency__c,SO_Individual_Employee_Consultations__c,SO_IEC_Frequency__c,Client_SF_ID__c,Last_Plan_Health_Review__c,Last_EE_Meeting_Date_2__c,Last_ER_Meeting_Date_2__c,SO_3_21_RedGreen__c,SO_3_38_RedGreen__c,SO_IPS_RedGreen__c,SO_Investment_Selection_Monitoring_RG__c,SO_Investment_Reporting_RG__c,SO_Select_Monitor_QDIA_RG__c,SO_Build_Model_Portfolios_RG__c,Id,IsDeleted,Name,RecordTypeId,CreatedDate,CreatedById,LastModifiedDate,LastModifiedById,SystemModstamp,LastActivityDate,LastViewedDate,LastReferencedDate,ConnectionReceivedId,ConnectionSentId,RepID_for_Compensation__c,Proj_Gross_Revenue_Next_Qtr__c,Calculate_BD_Payout__c,Current_Balance_Last_Updated__c,Date_Advisory_Service_Agreement_Updated__c,Document_Review__c,EPS_Last_Updated__c,EPS__c,Expected_Revenue_Input_Date__c,IPS_Last_Updated__c,Last_Due_Diligence_Performed__c,Last_RFP_RFI_Performed__c,Last_investment_change_effective_date__c,Original_Created_Date__c,StartDate__c,Date_Established__c,YTD_Gross_Advisor_Comp__c,QDRO_Service__c,X404_c__c,Automatic_Enrollment__c,Employer_Contributions__c,ER_Stock__c,Managed_Accounts_Fee_s__c,Maximum_Contribution_Text__c,FAN_Number__c,X12M_Gross_Advisor_Comp__c,Provider_Product_Name__c,Roth__c,Safe_Harbor_Notes__c,Fee_Payment_Method__c,Trustee__c,LPL_R_Contract_Number__c,LPL_R_Advisory_Fee_Cycle__c,Financial_Account_Number__c,LPL_R_Investment_Objectives__c,LPL_R_Account_Number__c,RIA_Firm_Name__c,LPL_R_Rep_ID__c,Client_adjusted__c,Capfinancial_Account_Num__c,LPL_Account_Source__c,Provider_Acct__c,Tax_ID__c,Employer_Cont_Vesting2__c,Plan_Year_End2__c,Plan_Year_End__c,Addtnl_Participant_Fees__c,Administrative_Fees__c,Administrator_Information__c,Due_Diligence_Notes__c,ER_Contributions__c,Eligibility__c,Employer_Contacts_del__c,FLI_Policy_Details__c,Investment_Product__c,Loan_Provisions__c,Participant_Access__c,Participant_Default__c,Participant_Fee_Disclosure_Notes__c,Plan_Default__c,Plan_Features__c,QDIA_Notes__c,Referral_Source__c,Vesting_Schedule__c,Assets__c,Surety_Bond_Coverage_Amount_Text__c,Amt_in_Managed_Accounts__c,Year_2_Total_Assets__c,Est_First_Year_Contributions__c,Est_Year_2_Contributions__c,Ticket_Charge__c,YTD_GDC__c,YTD_Net__c,Plan_Distributions__c,Transferred_Assets__c,LPL_Annualized_Premium__c,Current_Value__c,Estimated_Annual_Contributions__c,Recordkeeper_plan_market_value__c,Roll_up_of_Contributions__c,Total_Assets_Attached_dollar__c,Advisory_Fees_Amount__c,SO_Fiduciary_Oversight_Education_RG__c,SO_Analysis_of_Service_Providers_RG__c,SO_Deferred_Compensation_Plan_RG__c,SO_Call_Center_RG__c,SO_RetireConnect_RG__c,SO_Group_Educational_Seminars_RG__c,SO_Individual_Employee_Consultations_RG__c,SO_PFP_RG__c,Green_Dot_Yes2__c,Red_Dot_No2__c,TodayYYYY_MM_DD__c,Administration_Company_Adjusted__c,Agreement_Exhibit_A__c,Control_Affiliated_Service_Group__c,Last_EE_Meeting_Date_RH__c,Recordkeeper_Required_Revenue__c,Plan_Name_40__c,Maximum_Advisor_Fee__c,Proj_Gross_Rev_12m_Use_Max_Fee__c,Discretionary_Service_Type__c,Last_EE_Meeting_Type__c,Home_Office_3_38_Fee__c,Last_EE_Meeting_Name__c,Last_ER_Meeting_Type__c,Last_ER_Meeting_Name__c,ERISA_Budget_Account_Notes__c,PHR_Oldest__c,PHR_Newest__c,PHR_Num_Years__c,PHR_Assets_Oldest__c,PHR_Assets_Newest__c,PHR_Avg_Plan_Assets__c,PHR_Cost_Diff__c,PHR_Est_Cost_Savings__c,PHR_Cost_Oldest__c,PHR_Cost_Newest__c,Plan_Uses_Fee_Levelization__c,Assets_Excluded_from_ADV_Fee__c,Compensation_Type__c,Proj_Gross_Rev_12m_Value__c,Entry_Dates_Dropdown__c,Change_Dates_Dropdown__c,Hardship_Withdrawals_Permitted__c,In_Service_Withdrawals_Permitted__c,Date_Time_Last_ERS_Update__c,Plan_Health_Form_URL__c,Client_Tax_ID__c,Lead_Generation_Type__c,RepID_for_Expenses__c,Minimum_Advisor_Fee__c,PFG_Billing__c,Billing_Frequency__c,Last_Billed_Date__c,Billing_Contact__c,Federal_ID_No__c,Plan_Number_5500__c,PlanFiling_ID__c,GMAP1_Committee_Education__c,GMAP2_Document_Review__c,GMAP3_Benchmark_Plan_Needs_Services__c,GMAP4_Confirm_Service_Providers__c,GMAP5_Select_Benchmark_CSP__c,GMAP6_Coordinate_Plan_Disclosures__c,GMAP7_Maintain_Compliance_Documents__c,GMAP8_Monitor_Investment_Policy__c,GMAP9_Coordinate_Investment_Communicatio__c,GMAP10_Monitor_Investments__c,GMAP1RG_Committee_Education_RedGreen__c,GMAP2RG_Document_Review_RedGreen__c,GMAP3RG_Benchmk_Plan_Needs_Svcs_RedGreen__c,GMAP4RG_Confirm_Svc_Providers_RedGreen__c,GMAP5_Select_Benchmark_CSP_RedGreen__c,GMAP6RG_Coordinate_Plan_Discl_RedGreen__c,GMAP7RG_Maintain_Complianc_Docs_RedGreen__c,GMAP8RG_Monitor_Investmt_Policy_RedGreen__c,GMAP9RG_Coordinate_Invest_Comm_RedGreen__c,New_Bus_Payout_Adj_Pct_Eff_Date__c,GMAP10RG_Monitor_Investments_RedGreen__c,Generated_by_Home_Office__c,Document_Vault__c,Fiduciary_Liability_Insurance_Amount__c,Per_Participant_Fee__c,Number_of_AP_Employees__c,AP_Fee_BP__c,AP_Fee_Base_Fee__c,AP_Per_Part_Fee__c,AP_Fees_Paid__c,Proj_AP_Fee__c,PEP_MEP_Name__c,PB_LastUpd__c,Committees__c,Employer_Contr_Vesting_Sequoia__c,Plan_ID_18_Character__c,Schedule_Q1__c,PM_Revenue_Share_Client__c,Revenue_Share_Pct_Eff_Date__c,Interim_Rate_Eff_Date__c,Lead_Advisor_Is_RevShare__c,Addtl_PM_Revenue_Type_Upd__c,New_Bus_Payout_Adj_Split_Pct__c,RepID_Comp_Incl_RevShare_Partcp__c,RepID_for_Comp_Suffix_Upd__c,Direct_Billed__c,Billing_Start_Date__c,Termination_Date__c,AR_Accrual_Earned_Period__c,Last_Payment_Received__c,Payment_Type__c,Term_Reason__c,Interim_TrueUp_Client__c,AR_AccrualM__c,AR_AccrualQ__c,AR_AccrualNew__c,Institutional_KPI_Plan__c,Active_Participants__c,Annual_Match_Cap__c,Auto_Enrollment_Pct__c,Auto_Increase_Cap__c,Auto_Increase_Effective_Month__c,Auto_Increase_Pct__c,CP_Quote_Number__c,In_Service_Distribution__c,LegacyAccountID__c,Loan_Interest_Rate__c,Loan_Maximum_Amount__c,Loan_Minimum_Amount__c,Match_True_Up__c,Profit_Sharing_Formula__c,Participant_Advice__c,Welcome_Email_Date__c,Business_Type__c,Eligible_Employees_Not_Contributing__c,Terminated_with_Balance__c,Schedule_Q2__c,Auditor__c,Recordkeeper_Plan_Contact__c,TPA_Plan_Contact__c,Home_Office_3_38_Fee_Dollar__c,Home_Office_3_38_Fee_Per_Pay_Period__c,X3_38_Field_Statement_Field__c,Invoice_Candidate__c,How_Is_Client_Billed__c,Billing_Notes__c,Reminder_Email__c,Institutional_KPI_Group__c,Current_Balance_Last_Updated_Year__c,Current_Balance_Last_Updated_Quarter__c,Today_s_Date__c,Month_3_38_Process__c,Day_3_38_Process__c,Date_3_38_Authorization_Signed__c,Home_Office_3_38_Authorization_In_Place__c,Last_3_38_Report_Commentary_Sent__c,Send_Census_Reminder_Email__c,Schedule_Q3__c,Schedule_Q4__c,Custom_Fee_Exception__c,Custom_Fee_Next_Review__c,Invoice_Amount__c,Invoice_Current_Balance__c,InvCurrBal_DateUpd__c,Invoice_Method__c,Home_Office_Custom_3_38_Fee__c,Current_Balance_Manual__c,CurrBalManual_DataAsOf__c,CurrBalManual_UpdBy__c,X3_38_Plan__c,AdvisorFee_BillFreq__c,Max_Advisor_Fee_Cycle__c,Appointment_Set_By_Number__c,First_Payment_Received__c,Appointment_Set_By__c,InvLineAmt_FeesPct__c,InvLineAmt_FeesDollar__c,AdvFee_Summary__c,Proj_Gross_12mo_CalcAmt__c,ACEC_RT_Participant_Fee__c,Invoice_Current_Balance_Txt__c,Invoice_Current_Balance_Formula__c,Balance_As_Of__c,Balance_As_Of_Month__c,Balance_As_Of_Year__c,Max_Advisor_Fee_Remain__c,Create_Invoice__c,InvLineItemPct__c,InvLineItemPctDescrip__c,InvLineItemDollarDescrip__c,SO_SMARTMap_Participant_Advice_Planning__c,SO_Advisor_Managed_Accounts__c,ACEC_Total_Revenue__c,Census_Received_Date__c,Next_Send_Date__c,Student_Loan_Program__c,After_Tax_Contributions_Non_Roth__c,SO_SMARTMap_Participant_Advice_Plan_RG__c,SO_Advisor_Managed_Accounts_RG__c,Number_of_Loans_Allowed__c,Roth_Conversions_Allowed__c,PM_Onboarding_Rep__c,SMARTMap_Date_Offered__c,Sequoia_Plan_Review_Conductor__c,Direct_Billed_By__c,X3_38_Provider__c,Plan_ID_18_Character_Txt__c",,Table,Stage_Lakehouse,55e6e9d7-dfb2-46e8-ba07-6d98d9830021,dbo,sf_Financial_Account__c,,0,Id,LastModifiedDate,1/1/1900,,,7
8,Salesforce,1,Salesforce_01,sf,,Table,,,,WM_Account__c,"Id,IsDeleted,Name,CreatedDate,CreatedById,LastModifiedDate,LastModifiedById,SystemModstamp,LastActivityDate,LastViewedDate,LastReferencedDate,ConnectionReceivedId,ConnectionSentId,Account_Holdings__c,Account_Performance_Notes__c,Account_Registration_Text__c,Account_Start_Date__c,Account_Type__c,Account_Value__c,Additional_Comments__c,Annual_Deposits__c,Annual_Withdrawals__c,Asset_Based_Advisory_Fee__c,Asset_Based_Fees__c,Client_Sentiment_on_Account_Performance__c,Client_Signed_Off__c,Compensation_on_Account_Balance_Yr1__c,Compensation_on_Account_Balance_Yr_2__c,Compensation_on_Inital_Transfer__c,Compensation_on_Ongoing_Deposits__c,Contract_Number__c,Date_of_Contact__c,Est_Ann_Income_Calc__c,Estimated_Annual_Compensation__c,Estimated_Transfer_Compensation__c,Financial_Advisor__c,Financial_Status__c,Fixed_Dollar_Advisory_Fee__c,Fixed_Hard_Dollar_Fees__c,Initial_Deposit_Transfer__c,Investment_Objective__c,Investment_Objectives_Goals__c,LPL_Account_Class__c,LPL_Account_Number__c,Management_Type__c,Method_of_Contact__c,Ownership_Structure__c,RepID__c,Required_Annual_Review_Topics__c,Risk_Tolerance_Time_Horizon__c,Tax_Status__c,x_Calc_Exp_Rev__c,WM_Household__c,LegacyWMAccountID__c,RepID_for_Compensation__c,Advisory_Service_Agreement_Type__c,Account_Contract_Number__c,Custodian_Provider__c,Client_Online_Access__c,Capfinancial_Account_Num__c,Lead_Advisor__c,Advisory_Service_Agreement_Date__c,Imported_Account_Value__c,Compensation_YTD__c,Compensation_12M__c,Status__c,Estimated_Annual_Compensation_JGTest__c,Compensation_Prev_Qtr__c,Estimated_Quarterly_Compensation_JGTest__c,PMR_Has_Data__c,Lead_Advisor_ID__c,Estimated_Annual_Compensation_Old__c,Estimated_Quarterly_Compensation__c,Product__c,Date_Paperwork_Received_Import__c,Provider_Import_Data__c,Account_Value_Last_Updated__c,Account_Value_Last_Upd_Method__c,SalesforceID_18Char__c,Date_of_First_Revenue__c,PM_Revenue_Share_Client__c,Revenue_Share_Pct_Eff_Date__c,Interim_Rate_Eff_Date__c,New_Business_Payout_Adj_Pct_Eff_Date__c,New_Business_Payout_Adj_Split_Pct__c,Last_RepID_Used_for_Comp__c,Lead_Advisor_Is_RevShare__c,Addtl_PM_Revenue_Type_Mismatch__c,Addtl_PM_Revenue_Type_Upd__c,RepID_Comp_Incl_RevShare_Partcp__c,RepID_for_Comp_Suffix_Upd__c,RepID_for_Expenses__c,LegacyWMHouseholdID__c,Billing_Frequency__c,Fee_Payment_Method__c,Pay_at_Legacy_Rate__c,WM_Household_Owner_Alias__c,Payment_Type__c,RepID_for_Comp_Type__c,Interim_TrueUp_Client__c,Workflow_Trigger__c",,Table,Stage_Lakehouse,55e6e9d7-dfb2-46e8-ba07-6d98d9830021,dbo,sf_WM_Account__c,,0,Id,LastModifiedDate,1/1/1900,,,8
9,Salesforce,1,Salesforce_01,sf,,Table,,,,Plan_Health__c,"Id,IsDeleted,Name,CreatedDate,CreatedById,LastModifiedDate,LastModifiedById,SystemModstamp,LastActivityDate,LastViewedDate,LastReferencedDate,ConnectionReceivedId,ConnectionSentId,Account_Plan__c,As_of_Date__c,Average_Account_Balance__c,Average_Loan_Balance__c,Data_as_of__c,Deferral_Rate_Eligible__c,Deferral_Rate_Highly_Compensated__c,Deferral_Rate_Non_Highly_Compensated__c,Deferral_Rate_Participating_Calculated__c,Deferral_Rate_Participating__c,Distributions_12mo__c,Employee_Count_Eligible__c,Employee_Count_Participating__c,Employee_Count_Total__c,Employee_Deferrals_12mo__c,Employees_in_Diversified_Allocation__c,Employer_Discretionary_12mo__c,Employer_Matching_12mo__c,Employer_Paid_Costs__c,Employer_Safe_Harbor_12mo__c,Gains_Losses_12mo__c,Goal_EE_Deferral_Rate__c,Goal_Investment_Diversifications__c,Goal_Part_Rate__c,Loans_Taken_12mo__c,Net_Cash_Flow_excl_earnings__c,Net_Cash_Flow_w_Earnings__c,Number_of_Employee_Balances__c,Number_of_Outstanding_Loans__c,Outstanding_Loan_Balance__c,Participation_Rate__c,Plan_Asset_Fee__c,Plan_Assets__c,Plan_Cost_Details__c,Plan_Expenses_12mo__c,Plan_Health_Score_Total__c,Total_Plan_Cost__c,Weighted_Investment_Expense__c,of_Diversification_Goal__c,of_Employee_Deferral_Goal__c,of_Participation_Goal__c,LegacyPlanHealthID__c,Cost_Admin_Recordkeeping__c,Cost_Investment_Management__c,Cost_Advisory_Services__c,Cost_Weighted_Investment_Cost__c,Cost_Contract_Asset_Fee__c,Costs_Employer_Paid__c,Cost_Total__c,Cost_Historical_Total__c,Cost_Breakdown__c,How_Costs_are_Assesed__c,As_Of_Date_JG_Test__c,As_Of_Date_JGCalc__c,Participation_Rate_JG__c,As_Of_Date_JG_Text__c,As_Of_Date_JG_Compare__c,of_Termed_Participants__c,Plan_Name_Text__c,As_Of_Date_JG_Calc_Old__c,Active_Participants__c,Eligible_Employees_Not_Contributing__c,Is_YearEnd__c,Cash_Flow_Net_Excl_Earnings__c,Cash_Flow_Net_Incl_Earnings__c,Advisor_Fee_Summary__c,Cash_Flow_Contributions_ALL_12mo__c,Cash_Flow_Distributions_ALL_12mo__c,Cash_Flow_Earnings_12mo__c,Include_in_ASR__c,Include_in_PHR__c,Employee_Deferrals_3mo__c,Distributions_3mo__c,Plan_Expenses_3mo__c,Employer_Matching_3mo__c,Employer_Discretionary_3mo__c,Employer_Safe_Harbor_3mo__c,Loans_Taken_3mo__c,Employee_After_tax_Deferral_3mo__c,Workflow_Trigger__c,Employee_Roth_Deferrals_3mo__c,Employee_Pre_Tax_Deferrals_3mo__c,Employee_Rollovers_3mo__c,Loan_Repayments_3mo__c,Employee_Pre_tax_Deferrals_12mo__c,Employee_Roth_Deferrals_12mo__c,Employee_After_tax_Deferrals_12mo__c,Employee_Rollovers_12mo__c,Loan_Repayments_12mo__c,Employee_Additions_Combined_12mo__c,Employer_Additions_Combined_12mo__c,Employee_Additions_Combined_3mo__c,Employer_Additions_Combined_3mo__c,Employee_Additions_12mo__c,Employer_Additions_12mo__c,Total_Assets_In_12mo__c,Total_Assets_Out_12mo__c,Employee_Additions_3mo__c,Employer_Additions_3mo__c,Total_Assets_In_3mo__c,Total_Assets_Out_3mo__c,Net_Cash_Flow_3mo__c,Net_Cash_Flow_12mo__c,As_Of_Date_MMDD__c,QDIA_Notes__c,YTD__c,Is_Most_Recent__c,As_Of_Date_YYYY__c,SalesforceID_18Char__c,PlanAcctOwner__c,Data_As_Of_YYYYQQ__c,Plan_Provider__c,Plan_Contract_Status__c",,Table,Stage_Lakehouse,55e6e9d7-dfb2-46e8-ba07-6d98d9830021,dbo,sf_Plan_Health__c,,0,Id,LastModifiedDate,1/1/1900,,,9
10,Salesforce,1,Salesforce_01,sf,,Table,,,,RecordType,"Id,Name,DeveloperName,NamespacePrefix,Description,BusinessProcessId,SobjectType,IsActive,CreatedById,CreatedDate,LastModifiedById,LastModifiedDate,SystemModstamp",,Table,Stage_Lakehouse,55e6e9d7-dfb2-46e8-ba07-6d98d9830021,dbo,sf_RecordType,,0,Id,LastModifiedDate,1/1/1900,,,10
11,Netsuite,1,Netsuite_01,ns,,Table,,,,account,"category1099Misc,availableBalance,balance,custrecord_acct_bank_account_number,sBankName,sBankRoutingNumber,unit,deferralAcct,description,accountSearchDisplayName,displayNameWithHierarchy,eliminate,custrecord2,custrecord1,externalId,fullName,isInactive,includeChildren,id,inventory,lastModifiedDate,accountSearchDisplayNameCopy,acctNumber,class,department,location,revalue,sSpecAcct,parent,isSummary,billableExpensesAcct,acctType,unitsType,reconcileWithMatching",,Table,Stage_Lakehouse,,dbo,ns_account,,0,Id,,1/1/1900,,,11
12,Netsuite,1,Netsuite_01,ns,,Table,,,,accountingperiod,"apLocked , arLocked , allLocked , allowNonGLChanges , closed , closedOnDate , endDate , isInactive , id , isPosting , lastModifiedDate , isAdjust , isQuarter , isYear , periodName , startDate , parent , year ",,Table,Stage_Lakehouse,,dbo,ns_accountingperiod,,0,Id,,1/1/1900,,,12
13,Netsuite,1,Netsuite_01,ns,,Table,,,,transaction,"abbrevType , accountBasedNumber , custbody_sii_accounting_date , custbody_2663_reference_num , actionItem , actualShipDate , custbody_adjustment_journal , custbody_atlas_mfg_std_adjust_reason , custbody_advisor , altSalesTotal , amountUnbilled , custbody_stc_amount_after_discount , foreignAmountPaidNoPost , foreignAmountPaid , foreignAmountUnpaid , applyPickDecomposition , approvalStatus , custbody_9997_autocash_assertion_field , visibleToCustomer , balSegStatus , custbody_11724_bank_fee , billingAddress , custbody_sii_not_reported_in_time , billingStatus , cseg1 , isBudgetApproved , bulkProcSubmission , buyingReason , buyingTimeFrame , custbody_esc_campaign_category , custbody_cash_register , custbody6 , completedDateTime , custbody_sii_correction_type , custbody_country_of_origin , custbody_cp_created_by , createdBy , currency , customForm , custbody_4110_customregnum , customType , tranDate , closeDate , createdDate , lastModifiedDate , custbody_date_of_taxable_supply , daysOpen , daysOverdueSearch , reversalDefer , custbody_delivery_terms , discountDate , cseg2 , custbody_document_date , custbody_itr_doc_number , number , tranId , dueDate , email , endDate , entity , custbody_10184_customer_entity_bank , custbody_15889_cust_refund_entity_bank , custbody_15529_emp_entity_bank , custbody_15529_vendor_entity_bank , totalCostEstimate , estGrossProfit , estGrossProfitPercent , custbody_establishment_code , estimatedBudget , exchangeRate , custbody_15699_exclude_from_ep_process , expectedCloseDate , externalId , custbody_external_id , custbody_sii_external_reference , fax , isFinChrg , firmed , fob , fxAltSalesTotal , fxNetAltSalesTotal , custbody_9997_is_for_ep_eft , custbody_9997_is_for_ep_dd , fulfillmentType , useRevenueArrangement , custbody_my_import_declaration_num , custbody_4599_sg_import_permit_num , includeInForecast , incoTerm , id , custbody_sii_intra_txn_type , custbody_sii_invoice_date , custbody_sii_article_61d , isbookspecific , isReversal , custbody_sii_is_third_party , custbody_sii_issued_inv_type , revision , custbody_itr_nexus , journalType , custbody_sii_land_register , custbody_doc_num_summ_invoice , lastModifiedBy , custbody_date_lsa , leadSource , custbody_link_lsa , custbody_link_name_lsa , memo , memorized , memDoc , message , custbody_mode_of_transport , custbody_4599_mx_operation_type , custbody_notc , needsBill , netAltSalesTotal , nextApprover , nextBillDate , nexus , custbody_nexus_notc , custbody_nondeductible_ref_genjrnl , custbody_nondeductible_processed , custbody_sii_operation_date , opportunity , ordReceived , custbody_sii_orig_bill , custbody_sii_orig_invoice , partner , custbody_partner , custbody_counterparty_vat , custbody3 , paymentHold , paymentMethod , paymentOption , custbody_stc_payment_transaction_id , custbody_9997_pfa_record , ordPicked , custbody_plan_period , otherRefNum , posting , postingPeriod , custbody_11187_pref_entity_bank , prevDate , printedPickingTicket , probability , projectedTotal , custbody_sii_property_location , custbodyramp_receipt_url , rangeHigh , rangeLow , custbody_sii_received_inv_type , recordType , custbody_sii_ref_no , custbody_refno_originvoice , custbody_regime_code , custbody_regime_code_of_supply , custbody_transaction_region , custbody_sii_registration_code , custbody_sii_registration_msg , custbody_sii_registration_status , custbody_cp_rejected_by , custbody_cp_rejection_reason , releasedDateTime , custbody_repid , custbody_report_timestamp , reversalDate , reversal , salesReadiness , employee , shipComplete , shipDate , shippingAddress , shipCarrier , shipMethod , custbody_sii_code , custbody_sii_code_issued_inv , custbody_sii_article_72_73 , source , parentExpenseAlloc , sourceTransaction , custbody_sii_spcl_scheme_code_sales , custbody_sii_spcl_scheme_code_purchase , startDate , status , entityStatus , custbody4 , custbody_stc_tax_after_discount , custbody_sii_exempt_details , terms , title , toBePrinted , custbody5 , toSubsidiary , custbody_stc_total_after_discount , foreignTotal , tranDisplayName , transactionNumber , custbody_nondeductible_ref_tran , type , typeBasedDocumentNumber , custbody_11724_pay_bank_fees , void , voided , webSite , weightedTotal , winLossReason ",,Table,Stage_Lakehouse,,dbo,ns_transaction,,1,Id,lastModifiedDate,1/1/1900,,,13
14,Netsuite,1,Netsuite_01,ns,,Table,,,,customrecord_cseg2,"abbreviation , created , externalId  , id , lastmodified , lastmodifiedby , name , owner , parent , recordId , scriptId ",,Table,Stage_Lakehouse,,dbo,ns_customrecord_cseg2,,0,Id,,1/1/1900,,,14
15,Netsuite,1,Netsuite_01,ns,,Table,,,,customer,"isJob , isBudgetApproved , custentity_direct_bill , custentity_2663_direct_debit , duplicate , custentity_2663_customer_refund , emailTransactions , isExplicitConversion , faxTransactions , isInactive , isPerson , onCreditHold , overrideCurrencyFormat , printTransactions , shipComplete , unsubscribe , custentity_advisory_fees_amount , custentity_esc_annual_revenue , balanceSearch , creditLimit , estimatedBudget , custentity_max_advisory_fee , custentity_min_advisor_fee , overdueBalanceSearch , unbilledOrdersSearch , custentity_plan_start_date , dateConversion , dateLead , endDate , firstSaleDate , firstOrderDate , custentity_date_lsa , lastSaleDate , lastOrderDate , startDate , custentity_plan_end_date , dateClosed , dateCreated , dateGrossLead , lastModifiedDate , dateProspect , defaultOrderPriority , custentity_advisor , custentity_billing_frequency , billingRateCard , buyingReason , buyingTimeFrame , campaignEvent , category , convertedToContact , convertedToCustomer , currency , custentity_9572_ddcust_entitybnkformat , custentity_9572_ddcust_entitybank_sub , custentity_9572_refcust_entitybnkformat , custentity_9572_refundcust_entitybnk_sub , custentity_9572_custref_file_format , custentity_9997_dd_file_format , defaultBankAccount , defaultBillingAddress , receivablesAccount , defaultShippingAddress , custentity_9572_dd_file_format , custentity_fee_payment_method , firstSalePeriod , globalSubscriptionStatus , custentity_sii_id_type , custentity_esc_industry , id , lastSalePeriod , leadSource , negativeNumberFormat , custentity_esc_no_of_employees , entityNumber , numberFormat , parent , partner , custentity_atlas_pbcs_category , prefCcProcessor , priceLevel , contact , custentity_region , reminderDays , custentity_rep_id , salesReadiness , salesRep , shippingItem , entityStatus , custentity1 , symbolPlacement , custentity_tax_contact , terms , territory , topLevelParent , custentity_advisory_fees , probability , thirdPartyAcct , thirdPartyCarrier , thirdPartyCountry , thirdPartyZipCode , accountNumber , alcoholRecipientType , altEmail , altPhone , custentity_my_brn , shippingCarrier , comments , companyName , creditHoldOverride , displaySymbol , altName , entityTitle , custentity_dic , custentity_direct_bill_created , email , custentity_2663_email_address_notif , emailPreference , custentity_wia_customer_email_recipients , entityId , externalId , fax , firstName , fullName , homePhone , custentity_ico , custentity_sii_id , custentity_atlas_mfg_std_invoice_email , title , language , lastName , custentity_link_lsa , custentity_link_name_lsa , middleName , mobilePhone , salutation , phone , printOnCheckAs , resaleNumber , custentity_salesforce_id , searchStage , custentity_tax_contact_first , custentity_tax_contact_last , custentity_tax_contact_middle , custentity_tax_reg_no , custentity_4599_sg_uen , url ",,Table,Stage_Lakehouse,,dbo,ns_customer,,0,Id,,1/1/1900,,,15
16,Netsuite,1,Netsuite_01,ns,,Table,,,,customlist_billing_frequency,"id , name",,Table,Stage_Lakehouse,,dbo,ns_customlist_billing_frequency,,0,Id,,1/1/1900,,,16
17,Netsuite,1,Netsuite_01,ns,,Table,,,,customlist_fee_payment_method,"id , name",,Table,Stage_Lakehouse,,dbo,ns_customlist_fee_payment_method,,0,Id,,1/1/1900,,,17
18,Netsuite,1,Netsuite_01,ns,,Table,,,,vendor,"accountNumber , altEmail , altPhone , balancePrimary , balance , custentitybranch , custentity_my_brn , category , comments , companyName , creditLimit , currency , dateCreated , defaultBankAccount , defaultBillingAddress , expenseAccount , defaultShippingAddress , defaultVendorPaymentAccount , duplicate , subsidiaryEdition , custentity_2663_payment_method , custentity_2663_eft_file_format , custentity_2663_email_address_notif , emailPreference , emailTransactions , entityId , externalId , fax , faxTransactions , firstName , globalSubscriptionStatus , homePhone , custentity_sii_id , custentity_sii_id_type , incoterm , id , inTransitBalance , isPerson , isJobResourceVend , title , lastModifiedDate , lastName , legalName , middleName , mobilePhone , salutation , entityNumber , payablesAccount , phone , contact , printOnCheckAs , printTransactions , custentity_region , custentity_rep_id , custentity_salesforce_id , custentity_tax_contact , custentity_tax_contact_first , custentity_tax_contact_last , custentity_tax_contact_middle , custentity_tax_reg_no , terms , custentitytransacting_status , custentitytransaction_type , custentity_4599_sg_uen , unbilledOrdersPrimary , unbilledOrders , unsubscribe , url , altName , custentity_11724_pay_bank_fees , receiptAmount , receiptQuantityDiff , receiptQuantity , purchaseOrderAmount , purchaseOrderQuantityDiff , purchaseOrderQuantity , email , custentity_9572_vendor_entitybank_format , custentity_9572_vendor_entitybank_sub , entityTitle , isInactive , custentity_nspbcs_vendor_planning_cat , workCalendar ",,Table,Stage_Lakehouse,,dbo,ns_vendor,,0,Id,,1/1/1900,,,18
19,Netsuite,1,Netsuite_01,ns,,Table,,,,vendorcategory,"externalId , isInactive , id , lastModifiedDate , isTaxAgency , name ",,Table,Stage_Lakehouse,,dbo,ns_vendorcategory,,0,Id,,1/1/1900,,,19
20,Netsuite,1,Netsuite_01,ns,,Table,,,,customlistbranch_code,"id , name",,Table,Stage_Lakehouse,,dbo,ns_customlistbranch_code,,0,Id,,1/1/1900,,,20
21,Netsuite,1,Netsuite_01,ns,,Table,,,,customlisttransacting_status_list,"id , name",,Table,Stage_Lakehouse,,dbo,ns_customlisttransacting_status_list,,0,Id,,1/1/1900,,,21
22,Netsuite,1,Netsuite_01,ns,,Table,,,,department,"isInactive , custrecord_nspbcs_dept_planning_cat , externalId , fullName , includeChildren , id , lastModifiedDate , name , parent ",,Table,Stage_Lakehouse,,dbo,ns_department,,0,Id,,1/1/1900,,,22
23,Netsuite,1,Netsuite_01,ns,,Table,,,,classification,"custrecord_nspbcs_class_planning_cat , externalId , fullName , includeChildren , id , lastModifiedDate , name , parent , isInactive ",,Table,Stage_Lakehouse,,dbo,ns_classification,,0,Id,,1/1/1900,,,23
24,Netsuite,1,Netsuite_01,ns,,Table,,,,entity,"altEmail , altPhone , comments , contact , customer , dateCreated , email , employee , entityId , externalId , fax , firstName , fullName , globalSubscriptionStatus  , homePhone , isInactive , id , isPerson , title , lastModifiedDate , lastName , middleName , mobilePhone , salutation , altName , entityTitle , entityNumber , otherName , parent , phone , source , topLevelParent , isUnavailable , unsubscribe , vendor ",,Table,Stage_Lakehouse,,dbo,ns_entity,,0,Id,,1/1/1900,,,24
25,Netsuite,1,Netsuite_01,ns,,Table,,,,location,"mainAddress , custrecord_5826_loc_branch_id , tranPrefix , externalId , fullName , includeChildren , id , lastModifiedDate , latitude , custrecord_nspbcs_loc_planning_cat , locationType , longitude , name , parent , isInactive , returnAddress ",,Table,Stage_Lakehouse,,dbo,ns_location,,0,Id,,1/1/1900,,,25
26,Netsuite,1,Netsuite_01,ns,,Table,,,,transactionline,"id,    transaction,    subsidiary,    cseg2,    class,    entity,    department,    location,    memo,  custcol1,custcoladvisor,  linelastmodifieddate",,Table,Stage_Lakehouse,,dbo,ns_transactionline,,1,"Id,transaction,entity",linelastmodifieddate,1/1/1900,,,26
27,Netsuite,1,Netsuite_01,ns,,Table,,,,transactionaccountingline," account, accountingbook, amount, netamount, credit, debit, transaction, transactionline, lastmodifieddate  ",,Table,Stage_Lakehouse,,dbo,ns_transactionaccountingline,,1,"account,transaction,transactionline",lastmodifieddate,1/1/1900,,,27
28,Netsuite,1,Netsuite_01,ns,,Table,,,,customrecord_repid,"abbreviation , custrecord_advisor , created , externalId ,  id , lastmodified , lastmodifiedby , custrecord_memo , name , owner , scriptId , custrecord_split ",,Table,Stage_Lakehouse,,dbo,ns_customrecord_repid,,0,id,,1/1/1900,,,28
29,Netsuite,1,Netsuite_01,ns,,Table,,,,subsidiary,"state1taxnumber , mainAddress , showSubsidiaryName , custrecord_subsidiary_branch_id , custrecord_company_brn , country , tranPrefix , edition , isElimination , federalIdNumber , externalId , fax , fiscalCalendar , fullName , glImpactLocking , id , languagelocale , lastModifiedDate , legalName , custrecord_psg_lc_test_mode , name , parent , custrecord_nspbcs_epm_application_name , custrecord_nspbcs_epm_url , custrecord_nspbcs_epm_username , returnAddress , email , shippingAddress , ssnortin , state , dropdownState , isInactive , custrecord_pt_sub_taxonomy_reference  , custrecord_company_uen , receiptAmount , receiptQuantityDiff , receiptQuantity , purchaseOrderAmount , purchaseOrderQuantityDiff , purchaseOrderQuantity , url ",,Table,Stage_Lakehouse,,dbo,ns_subsidiary,,0,id,,1/1/1900,,,29
30,Netsuite,1,Netsuite_01,ns,,Table,,,,addressbook,"internalid,addressname",,Table,Stage_Lakehouse,,dbo,ns_addressbook,,0,internalid,,1/1/1900,,,30
